{"RuleTriggered": 0, "Violations": 413, "Details": {"low_gpu_utilization": 775, "bottlenecks": {"1639570166.076617": {"GPUs": 1, "CPUs": 4}, "1639570166.577907": {"GPUs": 1, "CPUs": 4}, "1639570167.063981": {"GPUs": 1, "CPUs": 4}, "1639570167.562265": {"GPUs": 1, "CPUs": 4}, "1639570168.062409": {"GPUs": 1, "CPUs": 4}, "1639570168.563326": {"GPUs": 1, "CPUs": 2}, "1639570169.062226": {"GPUs": 1, "CPUs": 4}, "1639570169.563005": {"GPUs": 1, "CPUs": 2}, "1639570170.062978": {"GPUs": 1, "CPUs": 2}, "1639570170.562268": {"GPUs": 1, "CPUs": 2}, "1639570171.062284": {"GPUs": 1, "CPUs": 2}, "1639570171.562343": {"GPUs": 1, "CPUs": 3}, "1639570172.064067": {"GPUs": 1, "CPUs": 4}, "1639570172.563802": {"GPUs": 1, "CPUs": 3}, "1639570173.563684": {"GPUs": 1, "CPUs": 2}, "1639570174.062254": {"GPUs": 1, "CPUs": 1}, "1639570174.562282": {"GPUs": 1, "CPUs": 3}, "1639570175.562284": {"GPUs": 1, "CPUs": 1}, "1639570176.062284": {"GPUs": 1, "CPUs": 1}, "1639570176.563659": {"GPUs": 1, "CPUs": 2}, "1639570177.063104": {"GPUs": 1, "CPUs": 2}, "1639570177.562279": {"GPUs": 1, "CPUs": 2}, "1639570178.062265": {"GPUs": 1, "CPUs": 2}, "1639570178.562264": {"GPUs": 1, "CPUs": 2}, "1639570179.062269": {"GPUs": 1, "CPUs": 2}, "1639570179.562282": {"GPUs": 1, "CPUs": 3}, "1639570180.062258": {"GPUs": 1, "CPUs": 3}, "1639570184.56437": {"GPUs": 1, "CPUs": 4}, "1639570186.562286": {"GPUs": 1, "CPUs": 1}, "1639570187.062264": {"GPUs": 1, "CPUs": 1}, "1639570187.562438": {"GPUs": 1, "CPUs": 1}, "1639570188.062255": {"GPUs": 1, "CPUs": 1}, "1639570188.562276": {"GPUs": 1, "CPUs": 2}, "1639570189.062294": {"GPUs": 1, "CPUs": 2}, "1639570190.062263": {"GPUs": 1, "CPUs": 1}, "1639570190.562268": {"GPUs": 1, "CPUs": 1}, "1639570191.062269": {"GPUs": 1, "CPUs": 1}, "1639570191.562995": {"GPUs": 1, "CPUs": 1}, "1639570197.562267": {"GPUs": 1, "CPUs": 2}, "1639570198.062263": {"GPUs": 1, "CPUs": 1}, "1639570198.562226": {"GPUs": 1, "CPUs": 1}, "1639570199.06226": {"GPUs": 1, "CPUs": 1}, "1639570199.562274": {"GPUs": 1, "CPUs": 1}, "1639570200.062271": {"GPUs": 1, "CPUs": 1}, "1639570202.562259": {"GPUs": 1, "CPUs": 2}, "1639570204.562289": {"GPUs": 1, "CPUs": 1}, "1639570205.062253": {"GPUs": 1, "CPUs": 1}, "1639570205.562262": {"GPUs": 1, "CPUs": 1}, "1639570206.062249": {"GPUs": 1, "CPUs": 1}, "1639570209.562286": {"GPUs": 1, "CPUs": 1}, "1639570210.062247": {"GPUs": 1, "CPUs": 1}, "1639570213.563666": {"GPUs": 1, "CPUs": 1}, "1639570221.062281": {"GPUs": 1, "CPUs": 1}, "1639570221.562254": {"GPUs": 1, "CPUs": 1}, "1639570222.062278": {"GPUs": 1, "CPUs": 2}, "1639570222.563012": {"GPUs": 1, "CPUs": 2}, "1639570223.062278": {"GPUs": 1, "CPUs": 1}, "1639570223.56226": {"GPUs": 1, "CPUs": 2}, "1639570224.062265": {"GPUs": 1, "CPUs": 2}, "1639570224.562266": {"GPUs": 1, "CPUs": 2}, "1639570225.062304": {"GPUs": 1, "CPUs": 2}, "1639570225.562217": {"GPUs": 1, "CPUs": 1}, "1639570226.062258": {"GPUs": 1, "CPUs": 2}, "1639570226.562263": {"GPUs": 1, "CPUs": 1}, "1639570227.562273": {"GPUs": 1, "CPUs": 1}, "1639570228.062253": {"GPUs": 1, "CPUs": 1}, "1639570228.562279": {"GPUs": 1, "CPUs": 2}, "1639570229.062315": {"GPUs": 1, "CPUs": 2}, "1639570229.562252": {"GPUs": 1, "CPUs": 1}, "1639570230.062263": {"GPUs": 1, "CPUs": 2}, "1639570234.064736": {"GPUs": 1, "CPUs": 1}, "1639570234.562255": {"GPUs": 1, "CPUs": 1}, "1639570235.063008": {"GPUs": 1, "CPUs": 1}, "1639570236.563218": {"GPUs": 1, "CPUs": 1}, "1639570237.06232": {"GPUs": 1, "CPUs": 2}, "1639570237.562258": {"GPUs": 1, "CPUs": 2}, "1639570241.062264": {"GPUs": 1, "CPUs": 1}, "1639570241.562264": {"GPUs": 1, "CPUs": 1}, "1639570242.062277": {"GPUs": 1, "CPUs": 1}, "1639570243.06227": {"GPUs": 1, "CPUs": 1}, "1639570243.562267": {"GPUs": 1, "CPUs": 1}, "1639570244.062326": {"GPUs": 1, "CPUs": 1}, "1639570244.562311": {"GPUs": 1, "CPUs": 1}, "1639570245.562263": {"GPUs": 1, "CPUs": 1}, "1639570247.562262": {"GPUs": 1, "CPUs": 1}, "1639570252.562988": {"GPUs": 1, "CPUs": 1}, "1639570260.562276": {"GPUs": 1, "CPUs": 2}, "1639570261.062281": {"GPUs": 1, "CPUs": 2}, "1639570261.562252": {"GPUs": 1, "CPUs": 2}, "1639570262.062277": {"GPUs": 1, "CPUs": 2}, "1639570262.562274": {"GPUs": 1, "CPUs": 3}, "1639570263.06225": {"GPUs": 1, "CPUs": 3}, "1639570263.562266": {"GPUs": 1, "CPUs": 3}, "1639570264.06227": {"GPUs": 1, "CPUs": 3}, "1639570264.562268": {"GPUs": 1, "CPUs": 3}, "1639570265.062282": {"GPUs": 1, "CPUs": 3}, "1639570265.562289": {"GPUs": 1, "CPUs": 3}, "1639570266.062271": {"GPUs": 1, "CPUs": 4}, "1639570266.562268": {"GPUs": 1, "CPUs": 4}, "1639570267.062292": {"GPUs": 1, "CPUs": 4}, "1639570304.562285": {"GPUs": 1, "CPUs": 1}, "1639570305.562262": {"GPUs": 1, "CPUs": 1}, "1639570306.062295": {"GPUs": 1, "CPUs": 1}, "1639570310.062273": {"GPUs": 1, "CPUs": 1}, "1639570311.06225": {"GPUs": 1, "CPUs": 1}, "1639570311.562282": {"GPUs": 1, "CPUs": 1}, "1639570314.562273": {"GPUs": 1, "CPUs": 1}, "1639570315.562251": {"GPUs": 1, "CPUs": 1}, "1639570318.062291": {"GPUs": 1, "CPUs": 1}, "1639570318.562273": {"GPUs": 1, "CPUs": 1}, "1639570320.06227": {"GPUs": 1, "CPUs": 1}, "1639570321.062279": {"GPUs": 1, "CPUs": 1}, "1639570321.562287": {"GPUs": 1, "CPUs": 1}, "1639570322.562257": {"GPUs": 1, "CPUs": 1}, "1639570323.062624": {"GPUs": 1, "CPUs": 1}, "1639570323.562301": {"GPUs": 1, "CPUs": 1}, "1639570324.062313": {"GPUs": 1, "CPUs": 1}, "1639570324.562271": {"GPUs": 1, "CPUs": 1}, "1639570326.062259": {"GPUs": 1, "CPUs": 1}, "1639570327.062291": {"GPUs": 1, "CPUs": 1}, "1639570328.062287": {"GPUs": 1, "CPUs": 1}, "1639570329.56227": {"GPUs": 1, "CPUs": 1}, "1639570330.062254": {"GPUs": 1, "CPUs": 1}, "1639570330.562272": {"GPUs": 1, "CPUs": 1}, "1639570332.062272": {"GPUs": 1, "CPUs": 2}, "1639570333.062293": {"GPUs": 1, "CPUs": 2}, "1639570333.562971": {"GPUs": 1, "CPUs": 1}, "1639570334.062268": {"GPUs": 1, "CPUs": 1}, "1639570334.562285": {"GPUs": 1, "CPUs": 1}, "1639570335.062276": {"GPUs": 1, "CPUs": 1}, "1639570335.562268": {"GPUs": 1, "CPUs": 1}, "1639570336.062263": {"GPUs": 1, "CPUs": 1}, "1639570336.562278": {"GPUs": 1, "CPUs": 1}, "1639570337.562268": {"GPUs": 1, "CPUs": 1}, "1639570338.06227": {"GPUs": 1, "CPUs": 1}, "1639570339.062583": {"GPUs": 1, "CPUs": 1}, "1639570339.564516": {"GPUs": 1, "CPUs": 1}, "1639570340.062752": {"GPUs": 1, "CPUs": 1}, "1639570344.562314": {"GPUs": 1, "CPUs": 4}, "1639570345.563183": {"GPUs": 1, "CPUs": 1}, "1639570346.063404": {"GPUs": 1, "CPUs": 1}, "1639570346.562329": {"GPUs": 1, "CPUs": 2}, "1639570347.562282": {"GPUs": 1, "CPUs": 1}, "1639570352.062287": {"GPUs": 1, "CPUs": 1}, "1639570352.562502": {"GPUs": 1, "CPUs": 1}, "1639570353.062285": {"GPUs": 1, "CPUs": 1}, "1639570353.562458": {"GPUs": 1, "CPUs": 1}, "1639570355.062511": {"GPUs": 1, "CPUs": 1}, "1639570359.562265": {"GPUs": 1, "CPUs": 1}, "1639570360.562382": {"GPUs": 1, "CPUs": 1}, "1639570366.062321": {"GPUs": 1, "CPUs": 1}, "1639570366.564531": {"GPUs": 1, "CPUs": 1}, "1639570367.064591": {"GPUs": 1, "CPUs": 1}, "1639570367.562271": {"GPUs": 1, "CPUs": 1}, "1639570373.562285": {"GPUs": 1, "CPUs": 1}, "1639570374.062262": {"GPUs": 1, "CPUs": 1}, "1639570374.563274": {"GPUs": 1, "CPUs": 1}, "1639570375.062257": {"GPUs": 1, "CPUs": 1}, "1639570375.562268": {"GPUs": 1, "CPUs": 1}, "1639570379.562274": {"GPUs": 1, "CPUs": 1}, "1639570380.062843": {"GPUs": 1, "CPUs": 1}, "1639570380.562283": {"GPUs": 1, "CPUs": 1}, "1639570385.062278": {"GPUs": 1, "CPUs": 1}, "1639570385.562246": {"GPUs": 1, "CPUs": 1}, "1639570387.062273": {"GPUs": 1, "CPUs": 1}, "1639570391.062299": {"GPUs": 1, "CPUs": 1}, "1639570391.56226": {"GPUs": 1, "CPUs": 1}, "1639570392.062259": {"GPUs": 1, "CPUs": 1}, "1639570397.062295": {"GPUs": 1, "CPUs": 1}, "1639570398.062253": {"GPUs": 1, "CPUs": 1}, "1639570400.562269": {"GPUs": 1, "CPUs": 1}, "1639570401.062259": {"GPUs": 1, "CPUs": 1}, "1639570403.56228": {"GPUs": 1, "CPUs": 1}, "1639570404.062274": {"GPUs": 1, "CPUs": 1}, "1639570406.062247": {"GPUs": 1, "CPUs": 1}, "1639570408.062287": {"GPUs": 1,