{"RuleTriggered": 0, "Violations": 0, "Details": {"step_num": {"first": 1639570311708286, "last": 1639570619969482}, "job_start": 1639570165.56217, "job_end": 1639570619.562685}, "Datapoints": 120, "RuleParameters": "threshold:20"}