{"RuleTriggered": 0, "Violations": 0, "Details": {"ratio": {"gpu_functions-dev:0": 53.73548707588511, "cpu_functions": 46.26451292411489}, "phase": {"Step:ModeKeys.TRAIN": 46.7668979289691, "others": 42.44691870439036, "Step:ModeKeys.EVAL": 10.786183366640536}, "phase_time": {}, "CPU": {"conv2d": 14.237381794846653, "convolution": 13.748047156009793, "_convolution": 13.460000280114542, "contiguous": 2.4927053504848313, "cudnn_convolution": 10.263999466933537, "batch_norm": 3.2954754286495205, "to": 17.9347706604634, "copy_": 19.221697502609096, "addmm": 2.398807560885654, "torch::autograd::AccumulateGrad": 2.9471147990029616}, "CPU_total": {"conv2d": 3354582, "convolution": 3239286, "_convolution": 3171417, "contiguous": 587326, "cudnn_convolution": 2418382, "batch_norm": 776473, "to": 4225753, "copy_": 4528976, "addmm": 565202, "torch::autograd::AccumulateGrad": 694393}, "GPU": {"conv2d": 14.667381849302494, "convolution": 14.657424471822756, "_convolution": 14.650089908418288, "cudnn_convolution": 14.583351472672481, "batch_norm": 2.928665727541573, "_batch_norm_impl_index": 2.9220692784806888, "cudnn_batch_norm": 2.87646742774855, "to": 14.564096004311164, "copy_": 15.662041090395542, "torch::autograd::AccumulateGrad": 2.488412769306483}, "GPU_total": {"conv2d": 4093513, "convolution": 4090734, "_convolution": 4088687, "cudnn_convolution": 4070061, "batch_norm": 817360, "_batch_norm_impl_index": 815519, "cudnn_batch_norm": 802792, "to": 4064687, "copy_": 4371112, "torch::autograd::AccumulateGrad": 694490}, "general": {"Forward": 100.0}}, "Datapoints": 0, "RuleParameters": ""}