{"RuleTriggered": 0, "Violations": 0, "Details": {"step_details": {"algo-1-27": {"step_stats": {"mean": 0.8668002523364489, "max": 24.587109, "p99": 23.409879299999957, "p95": 4.633244399999999, "p50": 0.01972, "min": 0.017108}, "number_of_outliers": 2, "phase": "Step:ModeKeys.TRAIN", "stddev": 3.5, "probs": [95, 0, 0, 0, 0, 0, 0, 0, 0, 0, 0, 0, 0, 0, 0, 0, 0, 0, 0, 0, 0, 0, 0, 0, 0, 0, 0, 0, 0, 0, 0, 0, 0, 0, 0, 0, 1, 0, 0, 0, 0, 0, 0, 0, 0, 0, 0, 0, 0, 0, 0, 0, 0, 0, 0, 0, 0, 0, 0, 0, 0, 0, 0, 0, 0, 0, 0, 0, 0, 0, 0, 0, 0, 0, 0, 0, 0, 0, 0, 0, 2, 0, 2, 0, 0, 0, 0, 0, 0, 0, 0, 1, 0, 0, 2, 1, 0, 0, 0, 1], "binedges": [0.017108, 0.06660305999999999, 0.11609811999999999, 0.16559318, 0.21508823999999999, 0.26458329999999997, 0.31407836, 0.36357342, 0.41306847999999996, 0.46256353999999994, 0.5120585999999999, 0.56155366, 0.61104872, 0.6605437799999999, 0.71003884, 0.7595338999999999, 0.8090289599999999, 0.8585240199999999, 0.9080190799999999, 0.9575141399999999, 1.0070091999999997, 1.0565042599999999, 1.1059993199999998, 1.1554943799999997, 1.2049894399999999, 1.2544844999999998, 1.3039795599999997, 1.3534746199999996, 1.4029696799999998, 1.4524647399999997, 1.5019597999999996, 1.5514548599999998, 1.6009499199999997, 1.6504449799999996, 1.6999400399999998, 1.7494350999999997, 1.7989301599999996, 1.8484252199999998, 1.8979202799999997, 1.9474153399999996, 1.9969103999999995, 2.0464054599999995, 2.09590052, 2.1453955799999997, 2.1948906399999997, 2.2443856999999996, 2.2938807599999995, 2.3433758199999994, 2.39287088, 2.4423659399999997, 2.4918609999999997, 2.5413560599999996, 2.5908511199999995, 2.6403461799999994, 2.6898412399999994, 2.7393362999999997, 2.7888313599999996, 2.8383264199999996, 2.8878214799999995, 2.9373165399999994, 2.9868115999999993, 3.0363066599999997, 3.0858017199999996, 3.1352967799999996, 3.1847918399999995, 3.2342868999999994, 3.2837819599999993, 3.3332770199999993, 3.3827720799999996, 3.4322671399999996, 3.4817621999999995, 3.5312572599999994, 3.5807523199999993, 3.6302473799999992, 3.6797424399999996, 3.7292374999999995, 3.7787325599999995, 3.8282276199999994, 3.8777226799999993, 3.9272177399999992, 3.976712799999999, 4.0262078599999995, 4.0757029199999995, 4.125197979999999, 4.17469304, 4.2241881, 4.27368316, 4.32317822, 4.37267328, 4.42216834, 4.4716634, 4.52115846, 4.57065352, 4.6201485799999995, 4.669643639999999, 4.719138699999999, 4.76863376, 4.81812882, 4.86762388, 4.91711894, 4.966614], "step_numbers": ["0", "0"]}}}, "Datapoints": 120, "RuleParameters": "threshold:3\nmode:None\nn_outliers:10\nstddev:3"}