{"RuleTriggered": 0, "Violations": 116, "Details": {"low_gpu_utilization": 775, "bottlenecks": {"1639570170.062978": {"GPUs": 1, "CPUs": 2}, "1639570170.562268": {"GPUs": 1, "CPUs": 2}, "1639570171.062284": {"GPUs": 1, "CPUs": 2}, "1639570177.063104": {"GPUs": 1, "CPUs": 2}, "1639570177.562279": {"GPUs": 1, "CPUs": 3}, "1639570178.062265": {"GPUs": 1, "CPUs": 3}, "1639570178.562264": {"GPUs": 1, "CPUs": 2}, "1639570179.062269": {"GPUs": 1, "CPUs": 3}, "1639570179.562282": {"GPUs": 1, "CPUs": 3}, "1639570180.062258": {"GPUs": 1, "CPUs": 3}, "1639570188.562276": {"GPUs": 1, "CPUs": 2}, "1639570189.062294": {"GPUs": 1, "CPUs": 2}, "1639570189.563112": {"GPUs": 1, "CPUs": 1}, "1639570190.062263": {"GPUs": 1, "CPUs": 2}, "1639570190.562268": {"GPUs": 1, "CPUs": 1}, "1639570191.062269": {"GPUs": 1, "CPUs": 1}, "1639570191.562995": {"GPUs": 1, "CPUs": 2}, "1639570197.562267": {"GPUs": 1, "CPUs": 1}, "1639570198.062263": {"GPUs": 1, "CPUs": 1}, "1639570198.562226": {"GPUs": 1, "CPUs": 1}, "1639570199.06226": {"GPUs": 1, "CPUs": 1}, "1639570199.562274": {"GPUs": 1, "CPUs": 1}, "1639570200.062271": {"GPUs": 1, "CPUs": 1}, "1639570202.562259": {"GPUs": 1, "CPUs": 2}, "1639570205.062253": {"GPUs": 1, "CPUs": 1}, "1639570205.562262": {"GPUs": 1, "CPUs": 1}, "1639570206.062249": {"GPUs": 1, "CPUs": 1}, "1639570223.062278": {"GPUs": 1, "CPUs": 1}, "1639570223.56226": {"GPUs": 1, "CPUs": 1}, "1639570224.062265": {"GPUs": 1, "CPUs": 2}, "1639570224.562266": {"GPUs": 1, "CPUs": 2}, "1639570225.062304": {"GPUs": 1, "CPUs": 2}, "1639570225.562217": {"GPUs": 1, "CPUs": 1}, "1639570226.062258": {"GPUs": 1, "CPUs": 2}, "1639570226.562263": {"GPUs": 1, "CPUs": 3}, "1639570227.062287": {"GPUs": 1, "CPUs": 1}, "1639570227.562273": {"GPUs": 1, "CPUs": 1}, "1639570228.062253": {"GPUs": 1, "CPUs": 1}, "1639570228.562279": {"GPUs": 1, "CPUs": 1}, "1639570229.062315": {"GPUs": 1, "CPUs": 2}, "1639570229.562252": {"GPUs": 1, "CPUs": 1}, "1639570230.062263": {"GPUs": 1, "CPUs": 2}, "1639570230.562265": {"GPUs": 1, "CPUs": 1}, "1639570237.06232": {"GPUs": 1, "CPUs": 2}, "1639570237.562258": {"GPUs": 1, "CPUs": 2}, "1639570241.062264": {"GPUs": 1, "CPUs": 1}, "1639570241.562264": {"GPUs": 1, "CPUs": 1}, "1639570242.062277": {"GPUs": 1, "CPUs": 2}, "1639570242.562269": {"GPUs": 1, "CPUs": 2}, "1639570243.06227": {"GPUs": 1, "CPUs": 1}, "1639570243.562267": {"GPUs": 1, "CPUs": 1}, "1639570244.062326": {"GPUs": 1, "CPUs": 2}, "1639570244.562311": {"GPUs": 1, "CPUs": 1}, "1639570245.062268": {"GPUs": 1, "CPUs": 3}, "1639570260.562276": {"GPUs": 1, "CPUs": 3}, "1639570261.062281": {"GPUs": 1, "CPUs": 3}, "1639570261.562252": {"GPUs": 1, "CPUs": 2}, "1639570262.062277": {"GPUs": 1, "CPUs": 4}, "1639570262.562274": {"GPUs": 1, "CPUs": 3}, "1639570263.06225": {"GPUs": 1, "CPUs": 3}, "1639570263.562266": {"GPUs": 1, "CPUs": 4}, "1639570264.06227": {"GPUs": 1, "CPUs": 3}, "1639570264.562268": {"GPUs": 1, "CPUs": 3}, "1639570265.062282": {"GPUs": 1, "CPUs": 3}, "1639570265.562289": {"GPUs": 1, "CPUs": 3}, "1639570266.062271": {"GPUs": 1, "CPUs": 4}, "1639570266.562268": {"GPUs": 1, "CPUs": 4}, "1639570267.062292": {"GPUs": 1, "CPUs": 4}, "1639570296.562276": {"GPUs": 1, "CPUs": 1}, "1639570297.062273": {"GPUs": 1, "CPUs": 1}, "1639570302.562273": {"GPUs": 1, "CPUs": 1}, "1639570304.562285": {"GPUs": 1, "CPUs": 1}, "1639570322.562257": {"GPUs": 1, "CPUs": 1}, "1639570323.062624": {"GPUs": 1, "CPUs": 1}, "1639570323.562301": {"GPUs": 1, "CPUs": 1}, "1639570324.062313": {"GPUs": 1, "CPUs": 1}, "1639570327.062291": {"GPUs": 1, "CPUs": 1}, "1639570327.56228": {"GPUs": 1, "CPUs": 1}, "1639570328.562281": {"GPUs": 1, "CPUs": 1}, "1639570329.56227": {"GPUs": 1, "CPUs": 1}, "1639570330.062254": {"GPUs": 1, "CPUs": 1}, "1639570330.562272": {"GPUs": 1, "CPUs": 2}, "1639570332.062272": {"GPUs": 1, "CPUs": 1}, "1639570333.062293": {"GPUs": 1, "CPUs": 1}, "1639570333.562971": {"GPUs": 1, "CPUs": 1}, "1639570334.062268": {"GPUs": 1, "CPUs": 2}, "1639570334.562285": {"GPUs": 1, "CPUs": 1}, "1639570335.062276": {"GPUs": 1, "CPUs": 1}, "1639570335.562268": {"GPUs": 1, "CPUs": 1}, "1639570336.062263": {"GPUs": 1, "CPUs": 1}, "1639570336.562278": {"GPUs": 1, "CPUs": 1}, "1639570486.062295": {"GPUs": 1, "CPUs": 1}, "1639570486.562271": {"GPUs": 1, "CPUs": 1}, "1639570487.062256": {"GPUs": 1, "CPUs": 1}, "1639570488.062256": {"GPUs": 1, "CPUs": 1}, "1639570489.56229": {"GPUs": 1, "CPUs": 1}, "1639570490.063002": {"GPUs": 1, "CPUs": 1}, "1639570490.562303": {"GPUs": 1, "CPUs": 1}, "1639570491.062269": {"GPUs": 1, "CPUs": 1}, "1639570491.562259": {"GPUs": 1, "CPUs": 1}, "1639570492.575217": {"GPUs": 1, "CPUs": 1}, "1639570493.062269": {"GPUs": 1, "CPUs": 1}, "1639570493.562275": {"GPUs": 1, "CPUs": 1}, "1639570494.06229": {"GPUs": 1, "CPUs": 1}, "1639570494.56226": {"GPUs": 1, "CPUs": 1}, "1639570495.062222": {"GPUs": 1, "CPUs": 1}, "1639570495.562273": {"GPUs": 1, "CPUs": 1}, "1639570496.062283": {"GPUs": 1, "CPUs": 1}, "1639570497.062276": {"GPUs": 1, "CPUs": 2}, "1639570498.06227": {"GPUs": 1, "CPUs": 1}, "1639570498.562311": {"GPUs": 1, "CPUs": 1}, "1639570499.062291": {"GPUs": 1, "CPUs": 2}, "1639570499.562279": {"GPUs": 1, "CPUs": 1}, "1639570500.062293": {"GPUs": 1, "CPUs": 1}, "1639570500.562294": {"GPUs": 1, "CPUs": 1}, "1639570501.062283": {"GPUs": 1, "CPUs": 2}}}, "Datapoints": 917, "RuleParameters": "threshold:50\nio_threshold:50\ngpu_threshold:10\npatience:1000"}